{"products":[{"id":"0.3369826490924883","qty":2}],"totalPrice":47.980000000000004}